date,price
2025-06-27 00:00:00,47.698771084130016
2025-06-28 00:00:00,46.174756649282294
2025-06-29 00:00:00,47.379980941314045
2025-06-30 00:00:00,46.93428158015523
2025-07-01 00:00:00,44.44314884867096
2025-07-02 00:00:00,44.04143670397675
2025-07-03 00:00:00,43.61808469388082
2025-07-04 00:00:00,43.77439265864599
2025-07-05 00:00:00,44.91162290926751
2025-07-06 00:00:00,45.17862521119625
2025-07-07 00:00:00,45.001589143146134
2025-07-08 00:00:00,45.03771752018153
2025-07-09 00:00:00,44.94071320880649
2025-07-10 00:00:00,46.782359135563965
2025-07-11 00:00:00,46.68881262149014
2025-07-12 00:00:00,46.660366558744236
2025-07-13 00:00:00,46.07999976199202
2025-07-14 00:00:00,46.22478960911729
2025-07-15 00:00:00,45.81425913514871
2025-07-16 00:00:00,44.40687703422783
2025-07-17 00:00:00,45.12010286923733
2025-07-18 00:00:00,45.433975314346476
2025-07-19 00:00:00,44.21586100918604
2025-07-20 00:00:00,44.16687671895777
2025-07-21 00:00:00,44.433126336837105
2025-07-22 00:00:00,44.40013100415278
2025-07-23 00:00:00,44.94588127329238
2025-07-24 00:00:00,44.15954864522147
2025-07-25 00:00:00,44.29805480288754
2025-07-26 00:00:00,44.1103294863546
2025-07-27 00:00:00,44.071795602712406
2025-07-28 00:00:00,44.901967586719486
2025-07-29 00:00:00,44.13472809623111
2025-07-30 00:00:00,44.026597699437126
2025-07-31 00:00:00,44.148376321051295
2025-08-01 00:00:00,43.23163975900192
2025-08-02 00:00:00,42.220948602596806
2025-08-03 00:00:00,41.96698783442495
2025-08-04 00:00:00,42.600673564255246
2025-08-05 00:00:00,43.18778583212178
2025-08-06 00:00:00,42.89406494485228
2025-08-07 00:00:00,43.13871384752115
2025-08-08 00:00:00,44.13423011966471
2025-08-09 00:00:00,44.20009909204781
2025-08-10 00:00:00,44.643819892294715
2025-08-11 00:00:00,45.24853131049015
2025-08-12 00:00:00,44.89491658448633
2025-08-13 00:00:00,46.064358019519496
2025-08-14 00:00:00,47.09844355481439
2025-08-15 00:00:00,45.52333424341643
2025-08-16 00:00:00,44.80779946947465
2025-08-17 00:00:00,44.820860523140674
2025-08-18 00:00:00,44.96438681759307
2025-08-19 00:00:00,44.10874594425375
2025-08-20 00:00:00,42.68937674552615
2025-08-21 00:00:00,43.43217753518559
2025-08-22 00:00:00,42.62874441410763
2025-08-23 00:00:00,44.765620879770665
2025-08-24 00:00:00,44.25757278999317
2025-08-25 00:00:00,44.13808375215116
2025-08-26 00:00:00,42.8189502977304
2025-08-27 00:00:00,43.580985366969145
2025-08-28 00:00:00,43.104692803947536
2025-08-29 00:00:00,43.44759307204557
2025-08-30 00:00:00,42.311356034685794
2025-08-31 00:00:00,42.2369440160798
2025-09-01 00:00:00,42.18952770500405
2025-09-02 00:00:00,42.34619689334287
2025-09-03 00:00:00,42.69599184132751
2025-09-04 00:00:00,43.001531664317234
2025-09-05 00:00:00,42.2153644263372
2025-09-06 00:00:00,42.40918243729862
2025-09-07 00:00:00,42.098838128862255
2025-09-08 00:00:00,42.379574531809595
2025-09-09 00:00:00,42.57399388572153
2025-09-10 00:00:00,42.46730107964576
2025-09-11 00:00:00,43.190336061735046
2025-09-12 00:00:00,43.796356090073104
2025-09-13 00:00:00,44.3871739720981
2025-09-14 00:00:00,44.25637960323902
2025-09-15 00:00:00,43.88795956022794
2025-09-16 00:00:00,43.65391653327798
2025-09-17 00:00:00,43.95060366973982
2025-09-18 00:00:00,43.87198693867406
2025-09-19 00:00:00,43.95788120042277
2025-09-20 00:00:00,43.3179316204963
2025-09-21 00:00:00,43.36742544927609
2025-09-22 00:00:00,43.12212097705486
2025-09-23 00:00:00,42.23350882248983
2025-09-24 00:00:00,41.81942298571899
2025-09-25 00:00:00,42.17125840382965
2025-09-26 00:00:00,40.51671662182417
2025-09-27 00:00:00,40.97332795099382
2025-09-28 00:00:00,40.75085605660711
2025-09-29 00:00:00,41.60872874541801
2025-09-30 00:00:00,42.104807350079966
2025-10-01 00:00:00,41.91279018609656
2025-10-02 00:00:00,43.191967652226616
2025-10-03 00:00:00,43.816574634945326
2025-10-04 00:00:00,44.2946822443113
2025-10-05 00:00:00,44.18702329659247
2025-10-06 00:00:00,44.417573055244034
2025-10-07 00:00:00,44.95162366968549
2025-10-08 00:00:00,43.86925247065237
2025-10-09 00:00:00,44.42504673090313
2025-10-10 00:00:00,43.487491532243226
2025-10-11 00:00:00,42.48133271377798
2025-10-12 00:00:00,41.72928102721283
2025-10-13 00:00:00,43.4501851438927
2025-10-14 00:00:00,43.507024301151716
2025-10-15 00:00:00,43.014991355069185
2025-10-16 00:00:00,42.05177127873387
2025-10-17 00:00:00,41.35364688161398
2025-10-18 00:00:00,40.697860248024085
2025-10-19 00:00:00,41.01918523043252
2025-10-20 00:00:00,41.3578646246718
2025-10-21 00:00:00,41.88218803165588
2025-10-22 00:00:00,41.33188690489914
2025-10-23 00:00:00,41.15685391765225
2025-10-24 00:00:00,41.87444979070696
2025-10-25 00:00:00,42.249553318886484
2025-10-26 00:00:00,42.43429678016313
2025-10-27 00:00:00,43.29568399030233
2025-10-28 00:00:00,43.03027061810929
2025-10-29 00:00:00,42.50360612503799
2025-10-30 00:00:00,41.90697880562567
2025-10-31 00:00:00,42.22058425520066
2025-11-01 00:00:00,47.06101643251946
2025-11-02 00:00:00,50.50709345102951
2025-11-03 00:00:00,55.298459627512045
2025-11-04 00:00:00,53.92343877429583
2025-11-05 00:00:00,51.99200199772116
2025-11-06 00:00:00,52.759695286282025
2025-11-07 00:00:00,51.577983546523804
2025-11-08 00:00:00,54.09433687729387
2025-11-09 00:00:00,53.50485492295737
2025-11-10 00:00:00,54.487261096888375
2025-11-11 00:00:00,55.15747398027574
2025-11-12 00:00:00,53.950311792900486
2025-11-13 00:00:00,54.24524944006679
2025-11-14 00:00:00,53.7710159458822
2025-11-15 00:00:00,52.528704042069904
2025-11-16 00:00:00,52.78968489414627
2025-11-17 00:00:00,52.347696517270826
2025-11-18 00:00:00,51.104061518129775
2025-11-19 00:00:00,61.320650711817784
2025-11-20 00:00:00,60.133306043089796
2025-11-21 00:00:00,56.98170428378234
2025-11-22 00:00:00,57.09596544360641
2025-11-23 00:00:00,56.49129903307997
2025-11-24 00:00:00,57.09085006584386
2025-11-25 00:00:00,58.32622806642375
2025-11-26 00:00:00,58.088372883018515
2025-11-27 00:00:00,58.739397088048584
2025-11-28 00:00:00,59.41291160732119
2025-11-29 00:00:00,58.79838940256826
2025-11-30 00:00:00,58.4943598010767
2025-12-01 00:00:00,58.094869643292924
2025-12-02 00:00:00,57.95051228342123
2025-12-03 00:00:00,61.52446990675168
2025-12-04 00:00:00,62.86310740026868
2025-12-05 00:00:00,62.08652736096407
2025-12-06 00:00:00,60.563925240084274
2025-12-07 00:00:00,60.410745547881874
2025-12-08 00:00:00,60.63396050262436
2025-12-09 00:00:00,61.07858318234239
2025-12-10 00:00:00,61.9235215741341
2025-12-11 00:00:00,62.87032101445341
2025-12-12 00:00:00,61.766549069982844
2025-12-13 00:00:00,60.380643118689136
2025-12-14 00:00:00,60.36942622295003
2025-12-15 00:00:00,59.41579083161661
2025-12-16 00:00:00,57.95845967641604
2025-12-17 00:00:00,57.98519154679811
2025-12-18 00:00:00,58.010411922894654
2025-12-19 00:00:00,56.91987270140879
2025-12-20 00:00:00,57.715947761194826
2025-12-21 00:00:00,57.52945004359271
2025-12-22 00:00:00,57.67099592315148
2025-12-23 00:00:00,57.41699795300001
2025-12-24 00:00:00,56.663815310644075
2025-12-25 00:00:00,56.71744648207476
2025-12-26 00:00:00,56.13137172817739
2025-12-27 00:00:00,56.05347400822269
2025-12-28 00:00:00,56.226079220882504
2025-12-29 00:00:00,55.99729143108642
2025-12-30 00:00:00,56.57760012190323
2025-12-31 00:00:00,56.996659587063355
2026-01-01 00:00:00,56.34764813319366
2026-01-02 00:00:00,56.9814300930538
2026-01-03 00:00:00,57.2269759422986
2026-01-04 00:00:00,57.391983034648554
2026-01-05 00:00:00,57.67958739371421
2026-01-06 00:00:00,58.59788341272793
2026-01-07 00:00:00,58.22780482153361
2026-01-08 00:00:00,56.553587904843496
2026-01-09 00:00:00,55.903430147208475
2026-01-10 00:00:00,55.0319517554161
2026-01-11 00:00:00,55.03402742468806
2026-01-12 00:00:00,55.12858909374314
2026-01-13 00:00:00,54.7706793883218
2026-01-14 00:00:00,57.09516210348017
2026-01-15 00:00:00,57.952447837200076
2026-01-16 00:00:00,57.38862050133631
2026-01-17 00:00:00,57.37835847724192
2026-01-18 00:00:00,57.30174104061148
2026-01-19 00:00:00,56.76415072207501
2026-01-20 00:00:00,56.14140825967865
2026-01-21 00:00:00,53.595692405679785
2026-01-22 00:00:00,53.866713695499605
2026-01-23 00:00:00,54.50219392765582
2026-01-24 00:00:00,54.46916584049875
2026-01-25 00:00:00,54.28759687197061
2026-01-26 00:00:00,52.73715260273671
2026-01-27 00:00:00,53.985127477376686
2026-01-28 00:00:00,54.68549370617431
2026-01-29 00:00:00,54.41634530039502
2026-01-30 00:00:00,51.66575510109142
2026-01-31 00:00:00,51.30740218315541
2026-02-01 00:00:00,49.35690090118427
2026-02-02 00:00:00,49.229385026504524
2026-02-03 00:00:00,51.73112643367996
2026-02-04 00:00:00,49.05599943234069
2026-02-05 00:00:00,52.74444737106483
2026-02-06 00:00:00,48.060948931628396
2026-02-07 00:00:00,53.36472246268876
2026-02-08 00:00:00,52.7741270950109
2026-02-09 00:00:00,53.714605748184255
2026-02-10 00:00:00,53.02943403771353
2026-02-11 00:00:00,51.72260268870635
2026-02-12 00:00:00,50.220332159754484
2026-02-13 00:00:00,50.08497551897965
2026-02-14 00:00:00,51.75926787529996
2026-02-15 00:00:00,52.33644763285213
2026-02-16 00:00:00,51.311999126827054
2026-02-17 00:00:00,52.034777912787746
2026-02-18 00:00:00,51.18208542511306
2026-02-19 00:00:00,50.3736867038765
2026-02-20 00:00:00,50.41105661505274
2026-02-21 00:00:00,50.72426844772597
2026-02-22 00:00:00,50.70439996373134
2026-02-23 00:00:00,50.34086825527294
2026-02-24 00:00:00,48.24431655141333
2026-02-25 00:00:00,48.049501781300975
2026-02-26 00:00:00,50.65591320968466
2026-02-27 00:00:00,50.373796936673
2026-02-28 00:00:00,49.13332022014544
2026-03-01 00:00:00,49.847762971421844
2026-03-02 00:00:00,48.39734253689014
2026-03-03 00:00:00,50.18010437883718
2026-03-04 00:00:00,49.51863514470512
2026-03-05 00:00:00,52.25107238221942
2026-03-06 00:00:00,54.39741780399741
2026-03-07 00:00:00,54.65628399904499
2026-03-08 00:00:00,53.83316106203296
2026-03-09 00:00:00,53.270806795235245
2026-03-10 00:00:00,54.55804615825741
2026-03-11 00:00:00,55.38675299513138
2026-03-12 00:00:00,55.4095097630966
2026-03-13 00:00:00,55.488005485132724
2026-03-14 00:00:00,55.50524703824007
2026-03-15 00:00:00,55.46984208165911
2026-03-16 00:00:00,56.81720863033464
2026-03-17 00:00:00,58.272121945512495
2026-03-18 00:00:00,57.92932052394786
2026-03-19 00:00:00,56.92808543178397
2026-03-20 00:00:00,55.07809259273667
2026-03-21 00:00:00,55.19239342987154
2026-03-22 00:00:00,54.288172340697315
2026-03-23 00:00:00,53.39582250160323
2026-03-24 00:00:00,54.720276241915066
2026-03-25 00:00:00,54.673231062345714
2026-03-26 00:00:00,54.84756625044639
2026-03-27 00:00:00,52.77450766576634
2026-03-28 00:00:00,51.32238833705517
2026-03-29 00:00:00,51.25865897671456
2026-03-30 00:00:00,51.068428430558136
2026-03-31 00:00:00,51.36465283365847
2026-04-01 00:00:00,52.35713373485547
2026-04-02 00:00:00,52.12263495286457
2026-04-03 00:00:00,51.20995325026448
2026-04-04 00:00:00,51.19315975732757
2026-04-05 00:00:00,51.48844165768005
2026-04-06 00:00:00,52.28097881017281
2026-04-07 00:00:00,51.95741314876892
2026-04-08 00:00:00,53.651848573789756
2026-04-09 00:00:00,52.79231539779709
2026-04-10 00:00:00,52.64077012044624
2026-04-11 00:00:00,53.15983947252361
2026-04-12 00:00:00,53.36568876828596
2026-04-13 00:00:00,51.9453003938322
2026-04-14 00:00:00,54.82523714653394
2026-04-15 00:00:00,54.39034252357643
2026-04-16 00:00:00,54.591877586296775
2026-04-17 00:00:00,54.75203629278888
2026-04-18 00:00:00,56.139990346016205
2026-04-19 00:00:00,55.05213416881053
2026-04-20 00:00:00,53.66722210933736
2026-04-21 00:00:00,54.83022106965342
2026-04-22 00:00:00,55.126552877456305
2026-04-23 00:00:00,55.71296046720435
2026-04-24 00:00:00,55.38205436857978
2026-04-25 00:00:00,54.80865806544317
2026-04-26 00:00:00,54.91498807135203
2026-04-27 00:00:00,55.70407505299861
2026-04-28 00:00:00,54.63194038357343
2026-04-29 00:00:00,54.03642305960358
2026-04-30 00:00:00,53.99065254820101
2026-05-01 00:00:00,57.19492773858113
2026-05-02 00:00:00,58.319395776716625
2026-05-03 00:00:00,58.64241432598286
2026-05-04 00:00:00,58.64950568694338
2026-05-05 00:00:00,59.354248521868
2026-05-06 00:00:00,59.78967068358815
2026-05-07 00:00:00,59.56615257182233
2026-05-08 00:00:00,58.92382995495131
2026-05-09 00:00:00,59.15549966324429
2026-05-10 00:00:00,59.49555980927305
2026-05-11 00:00:00,60.63586866015138
2026-05-12 00:00:00,60.11404246477341
2026-05-13 00:00:00,59.06602750745059
2026-05-14 00:00:00,58.33457823555739
2026-05-15 00:00:00,59.52351264578597
2026-05-16 00:00:00,58.361642429964256
2026-05-17 00:00:00,57.57569422148057
2026-05-18 00:00:00,56.942644416704844
2026-05-19 00:00:00,56.857929854251715
2026-05-20 00:00:00,56.66257886073476
2026-05-21 00:00:00,57.116113777885
2026-05-22 00:00:00,57.237181174207755
2026-05-23 00:00:00,55.51543038727033
2026-05-24 00:00:00,56.59744542430612
2026-05-25 00:00:00,56.73830757866548
2026-05-26 00:00:00,56.83250304247211
2026-05-27 00:00:00,55.769459706025096
2026-05-28 00:00:00,54.593572292505264
2026-05-29 00:00:00,53.937
2026-05-30 00:00:00,53.843
2026-05-31 00:00:00,54.048
2026-06-01 00:00:00,53.85
2026-06-02 00:00:00,52.515
2026-06-03 00:00:00,48.723
2026-06-04 00:00:00,46.923
2026-06-05 00:00:00,45.978
2026-06-06 00:00:00,43.4
2026-06-07 00:00:00,43.297
2026-06-08 00:00:00,45.209
2026-06-09 00:00:00,44.954
2026-06-10 00:00:00,50.859
2026-06-11 00:00:00,50.469
2026-06-12 00:00:00,52.011
2026-06-13 00:00:00,51.838
2026-06-14 00:00:00,52.486
2026-06-15 00:00:00,53.47877041074891
2026-06-16 00:00:00,54.355
2026-06-17 00:00:00,53.911
2026-06-18 00:00:00,53.266
2026-06-19 00:00:00,51.994
2026-06-20 00:00:00,52.177
2026-06-21 00:00:00,52.783
2026-06-22 00:00:00,51.875
2026-06-23 00:00:00,52.19979488687394
2026-06-24 00:00:00,51.028
2026-06-25 00:00:00,49.526
2026-06-26 00:00:00,48.431
2026-06-26 04:59:05,48.287
